Collection Source Name,Color,Behr_ID,LRV,R,G,B,One_liner,Short_description,Undertone_raw,Undertone,Coordinated_Palette_1,Coordinated_Palette_2,Coordinated_Palette_3,Coordinated_Palette_URL,Trim_Crisp,Trim Crisp (Lower Case),Trim_Warm,Family,Temp,Undertone_notes,Hex,Saturation,Chroma,Style Tag 1,Style Tag 2,Style Tag 3,Style Tag 4,Style Tag 5,Risk_tags,URL,
BEHR® 2026 Color Trends Palette,Hidden Gem,N430-6A,14,89,109,105,Blue color family,Hidden Gem is a smoky jade that embodies an air of mystery and sophistication.,cool (green/gray),Cool-leaning with a green and gray undertone.,Garden Vista,Summer Dragonfly,Polar Bear,"https://www.behr.com/consumer/PaletteDetailView/N430-6A,N430-3,M440-4,75",FROST (57),frost (57),POLAR BEAR (75),Blue,Cool,"green, gray",#596D69,0.183,,Moody,Cool,Sophisticated,Bold,Dramatic,green_shift|shows_lap_marks_more|can_feel_cooler_at_night,https://www.behr.com/consumer/ColorDetailView/N430-6A,
BEHR® 2026 Color Trends Palette,Mocha Ice,N150-1,66,223,210,202,Neutral color family,Inspired by a delectable chilled latte,warm (taupe/pink),Warm-leaning taupe with pink and beige undertones.,Wind Speed,Natural Bark,Cameo Stone,"https://www.behr.com/consumer/PaletteDetailView/N150-1,S450-2,N170-6,N160-1",ULTRA PURE WHITE® (UPW),ultra pure white® (upw),SWISS COFFEE (12),Neutral,Warm,"pink, beige, taupe",#DFD2CA,0.094,,Soft,Warm,Neutral,Classic,Cozy,pink_shift|can_go_peach_in_warm_light,,
BEHR® 2026 Color Trends Palette,Watery,HDC-CT-26,49,174,189,187,Gray color family,Watery is a chilled pale blue that creates an easy-going,cool (blue/green),Cool blue with dusty green and gray undertones.,,,,,ULTRA PURE WHITE® (UPW),ultra pure white® (upw),POLAR BEAR (75),Gray,Cool,"green, gray, blue",#AEBDBB,0.079,,Airy,Cool,Fresh,Serene,Soft,green_shift|blue_shift|can_look_gray,,
BEHR® 2026 Color Trends Palette,Iced Copper,S200-3,46,208,174,154,Orange color family,Iced Copper blends an earthy richness with the softness of delicate pink.,warm (peach/tan),Warm earthy tan with peach and pink undertones.,,,,,ULTRA PURE WHITE® (UPW),ultra pure white® (upw),SWISS COFFEE (12),Orange,Warm,"peach, pink, tan",#D0AE9A,0.26,,Warm,Earthy,Sophisticated,Bold,Inviting,pink_shift|orange_shift|can_look_terracotta,https://www.behr.com/consumer/ColorDetailView/S200-3,
BEHR® 2026 Color Trends Palette,Dragonfly,PPU12-03,26,114,144,141,Blue color family,Dragonfly is a calm and versatile blue-green that works in every space.,cool (teal/gray),Cool teal with grounded gray undertones.,,,,,FROST (57),frost (57),POLAR BEAR (75),Blue,Cool,"green, blue, gray",#72908D,0.208,,Cool,Moody,Organic,Sophisticated,Modern,green_shift|shows_lap_marks_more,https://www.behr.com/consumer/ColorDetailView/PPU12-03,
BEHR® 2026 Color Trends Palette,Terra Cotta Urn,PPU2-12,22,166,104,87,Red color family,Terra Cotta Urn is a rich and earthy color that evokes the warmth of sun-baked clay.,warm (red/brown),Warm clay with red-orange and brown undertones.,,,,,ULTRA PURE WHITE® (UPW),ultra pure white® (upw),SWISS COFFEE (12),Red,Warm,"red, orange, brown",#A66857,0.476,,Warm,Earthy,Organic,Inviting,Bold,orange_shift|red_shift,https://www.behr.com/consumer/ColorDetailView/PPU2-12,
BEHR® 2026 Color Trends Palette,Wheat Bread,720C-3,56,205,196,183,Neutral color family,Wheat Bread is a greige with a gray undertone.,warm (greige),Warm greige with gentle taupe and gray undertones.,,,,,ULTRA PURE WHITE® (UPW),ultra pure white® (upw),SWISS COFFEE (12),Neutral,Warm,"gray, beige, taupe",#CDC4B7,0.12,,Warm,Cozy,Earthy,Soft,Classic,gray_shift|beige_shift,https://www.behr.com/consumer/ColorDetailView/720C-3,
BEHR® 2026 Color Trends Palette,Dainty Lace,MQ3-11,85,244,242,233,White color family,Dainty Lace is a creamy white with subtle depth.,neutral (warm),Creamy white with faint gray and lavender undertones.,,,,,ULTRA PURE WHITE® (UPW),ultra pure white® (upw),SWISS COFFEE (12),White,Warm,"yellow, gray, lavender",#F4F2E9,0.05,,Airy,Soft,Clean,Classic,Serene,yellow_shift|purple_shift|creamy,https://www.behr.com/consumer/ColorDetailView/MQ3-11,
BEHR® 2026 Color Trends Palette,Blank Canvas,DC-003,84,241,237,225,White color family,A delightfully warm white with a cozy pigment of yellow-pink.,warm (peach/beige),Warm off-white with peach and beige undertones.,,,,,ULTRA PURE WHITE® (UPW),ultra pure white® (upw),SWISS COFFEE (12),White,Warm,"peach, beige, yellow",#F1EDE1,0.07,,Airy,Crisp,Clean,Neutral,Modern,yellow_shift|peach_shift|pink_shift,https://www.behr.com/consumer/ColorDetailView/DC-003,
BEHR® 2026 Color Trends Palette,Adirondack Blue,N480-5,23,83,99,111,Blue color family,Adirondack Blue is a slate blue with gray undertones.,cool (slate/gray),Slate blue with strong gray undertones.,,,,,ULTRA PURE WHITE® (UPW),ultra pure white® (upw),POLAR BEAR (75),Blue,Cool,"gray, blue, slate",#53636F,0.252,,Cool,Fresh,Calm,Classic,Clean,gray_shift|blue_shift,https://www.behr.com/consumer/ColorDetailView/N480-5,
BEHR® 2026 Color Trends Palette,Rumors,MQ1-15,10,123,53,60,Red color family,Rumors is a luxurious ruby red that adds warmth and rich allure.,warm (earthy red),Deep red with earthy brown undertones.,,,,,ULTRA PURE WHITE® (UPW),ultra pure white® (upw),SWISS COFFEE (12),Red,Warm,"red, brown, earth",#7B353C,0.398,,Moody,Warm,Dramatic,Sophisticated,Bold,red_shift|brown_shift,,
BEHR® 2026 Color Trends Palette,Smoked Tan,HDC-NT-14,38,174,164,148,Neutral color family,"Balancing between gray and beige, Smoked Tan creates a quiet and harmonious background.",warm (taupe),Smoky beige with taupe and gray undertones.,,,,,ULTRA PURE WHITE® (UPW),ultra pure white® (upw),SWISS COFFEE (12),Neutral,Warm,"beige, taupe, gray",#AEA494,0.088,,Warm,Cozy,Earthy,Sophisticated,Classic,beige_shift|gray_shift,,
BEHR® 2026 Color Trends Palette,Beehive,M270-5,52,225,183,129,Yellow color family,"Beehive is a clear, sweet golden-yellow that fills a space with gracious cheer.",warm (gold/amber),Golden yellow with amber and ochre undertones.,,,,,ULTRA PURE WHITE® (UPW),ultra pure white® (upw),SWISS COFFEE (12),Yellow,Warm,"yellow, gold, amber",#E1B781,0.427,,Warm,Inviting,Bold,Earthy,Fresh,yellow_shift|orange_shift,,
BEHR® 2026 Color Trends Palette,Urban Nature,S380-3,34,144,147,117,Green color family,Urban Nature is a soothing mid-tone green with soft olive notes.,warm (olive),Earthy green with warm olive and brown undertones.,,,,,ULTRA PURE WHITE® (UPW),ultra pure white® (upw),SWISS COFFEE (12),Green,Warm,"green, olive, brown",#909375,0.113,,Neutral,Organic,Earthy,Calm,Sophisticated,green_shift|yellow_shift|brown_shift,https://www.behr.com/consumer/ColorDetailView/S380-3,
BEHR® 2026 Color Trends Palette,Nocturne Blue,HDC-CL-28,5,35,66,79,Blue color family,Nocturne Blue is the deep sky color that stargazers wait for as the world transitions from day to nightfall.,cool (navy/teal),Deep navy with teal and slight black undertones.,,,,,FROST (57),frost (57),POLAR BEAR (75),Blue,Cool,"blue, green, black",#23424F,0.386,,Moody,Cool,Dramatic,Sophisticated,Classic,blue_shift|black_shift,,
BEHR® 2026 Color Trends Palette,Curtain Call,N570-5,14,112,102,106,Gray color family,Curtain Call is a velvety plush plum-gray.,cool (plum/gray),Dark gray with distinct purple/plum undertones.,,,,,ULTRA PURE WHITE® (UPW),ultra pure white® (upw),SWISS COFFEE (12),Gray,Cool,"purple, gray, plum",#70666A,0.057,,Moody,Dramatic,Modern,Sophisticated,Crisp,purple_shift|gray_shift,https://www.behr.com/consumer/ColorDetailView/N570-5,
BEHR® 2026 Color Trends Palette,Baronial Brown,N170-7,7,90,72,64,Brown color family,Baronial Brown is a deep,warm (espresso),Deep brown with red and espresso undertones.,,,,,ULTRA PURE WHITE® (UPW),ultra pure white® (upw),SWISS COFFEE (12),Brown,Warm,"brown, red, espresso",#5A4840,,,Moody,Warm,Earthy,Sophisticated,Classic,moody|classic_cozy,,
BEHR® 2026 Color Trends Palette,Rodeo Tan,N240-5,28,167,139,116,Neutral color family,Rodeo Tan is a warm beige with a subtle gray undertone.,warm (beige),Warm beige with earthy gray undertones.,,,,,ULTRA PURE WHITE® (UPW),ultra pure white® (upw),SWISS COFFEE (12),Neutral,Warm,"beige, gray",#A78B74,0.18,,Warm,Earthy,Inviting,Classic,Cozy,beige_shift|gray_shift,https://www.behr.com/consumer/ColorDetailView/N240-5,
BEHR® 2026 Color Trends Palette,Ecological,S380-6,22,128,131,103,Green color family,Ecological is a restorative earthy green with olive notes.,warm (olive/brown),Earthy green with olive and brown undertones.,,,,,ULTRA PURE WHITE® (UPW),ultra pure white® (upw),SWISS COFFEE (12),Green,Warm,"green, olive, brown",#808367,0.12,,Organic,Earthy,Calm,Fresh,Cool,green_shift|brown_shift|yellow_shift,https://www.behr.com/consumer/ColorDetailView/S380-6,
BEHR® 2026 Color Trends Palette,Cracked Pepper,PPU18-01,8,79,81,82,Black color family,Cracked Pepper is a soft black with blue-gray undertones.,cool (blue/violet),Soft black with blue and occasional violet undertones.,,,,,ULTRA PURE WHITE® (UPW),ultra pure white® (upw),SWISS COFFEE (12),Black,Cool,"black, blue, violet",#4F5152,0.018,,Moody,Crisp,Modern,Sophisticated,Dramatic,blue_shift|purple_shift|black_shift,https://www.behr.com/consumer/ColorDetailView/PPU18-01,
,,,,,,,,,,,,,,,,,,,,,,,,,,,,,,,
SW Colormix 2026,Modern Lavender,SW 9688,40,168,170,179,Purple color family,A soothing take on a best-loved purple with a clarifying contemporary twist.,cool (gray),Cool lavender with gray undertones.,,,,,High Reflective White (SW 7757),,Pure White (SW 7005),Purple,Cool,"purple, gray, blue",#A8AAB3,0.06,,Soft,Cool,Serene,Modern,Sophisticated,purple_shift|blue_shift,https://www.sherwin-williams.com/en-us/color/color-family/purple-paint-colors/SW9688-modern-lavender,
SW Colormix 2026,Grape Mist,SW 6548,54,196,193,205,Purple color family,A soft romantic purple with a subtle gray undertone.,cool (gray),Soft purple with gray undertones.,,,,,High Reflective White (SW 7757),,Pure White (SW 7005),Purple,Cool,"purple, gray",#C4C1CD,0.06,,Soft,Cool,Calm,Sophisticated,Classic,purple_shift|gray_shift,https://www.sherwin-williams.com/en-us/color/color-family/purple-paint-colors/SW6548-grape-mist,
SW Colormix 2026,Lite Lavender,SW 6554,71,228,221,229,Purple color family,A dusty warm violet shade that feels airy and light.,cool (violet),Pale violet with a dusty cast.,,,,,High Reflective White (SW 7757),,Pure White (SW 7005),Purple,Cool,"purple, violet, gray",#E4DDE5,0.04,,Airy,Soft,Cool,Serene,Clean,purple_shift|can_look_white,https://www.sherwin-williams.com/en-us/color/color-family/purple-paint-colors/SW6554-lite-lavender,
SW Colormix 2026,Solitude,SW 6535,38,154,166,177,Blue color family,A calm and quiet blue like the first light of day.,cool (gray/violet),Cool blue with a gray and violet undertone.,,,,,High Reflective White (SW 7757),,Pure White (SW 7005),Blue,Cool,"blue, gray, violet",#9AA6B1,0.13,,Airy,Cool,Calm,Serene,Clean,blue_shift|purple_shift,https://www.sherwin-williams.com/en-us/color/color-family/blue-paint-colors/SW6535-solitude,
SW Colormix 2026,Upward,SW 6239,57,191,201,208,Blue color family,A breezy blissful blue that captures the essence of a sunny day.,cool (gray),Denim blue with strong gray undertones.,,,,,High Reflective White (SW 7757),,Pure White (SW 7005),Blue,Cool,"blue, gray",#BFC9D0,0.09,,Airy,Cool,Fresh,Clean,Modern,blue_shift|gray_shift,https://www.sherwin-williams.com/en-us/color/color-family/blue-paint-colors/SW6239-upward,
SW Colormix 2026,Breathtaking,SW 6814,63,198,217,218,Blue color family,Awe-inspiring and hushed dreamlike hue where gauzy blue meets smoky purple.,cool (purple),Pale blue with a smoky purple influence.,,,,,High Reflective White (SW 7757),,Pure White (SW 7005),Blue,Cool,"blue, purple, gray",#C6D9DA,0.09,,Cool,Fresh,Serene,Clean,Sophisticated,blue_shift|purple_shift,https://www.sherwin-williams.com/en-us/color/color-family/blue-paint-colors/SW6814-breathtaking,
SW Colormix 2026,Tradewind,SW 6218,61,194,207,207,Blue color family,Bask in the breezy nature of this mellow marine blue.,cool (green/gray),Mellow blue with green undercurrents and gray calming notes.,,,,,High Reflective White (SW 7757),,Pure White (SW 7005),Blue,Cool,"blue, green, gray",#C2CFCF,0.07,,Cool,Neutral,Calm,Clean,Classic,green_shift|blue_shift,https://www.sherwin-williams.com/en-us/color/color-family/blue-paint-colors/SW6218-tradewind,
SW Colormix 2026,Watery,SW 6478,57,178,206,204,Blue color family,A liquid blue-green that feels like a tropical lagoon.,cool (aqua),Bright aqua with a softened gray edge.,,,,,High Reflective White (SW 7757),,Pure White (SW 7005),Blue,Cool,"blue, green, aqua",#B2CECC,0.14,,Airy,Cool,Fresh,Serene,Soft,green_shift|blue_shift,https://www.sherwin-williams.com/en-us/color/color-family/blue-paint-colors/SW6478-watery,
SW Colormix 2026,Halcyon Green,SW 6213,39,146,158,149,Green color family,A calm and restful green with a dusty slate quality.,warm (slate),Muted green with heavy slate/gray undertones.,,,,,High Reflective White (SW 7757),,Alabaster (SW 7008),Green,Warm,"green, gray, slate",#929E95,0.08,,Cool,Calm,Organic,Serene,Sophisticated,green_shift|gray_shift,https://www.sherwin-williams.com/en-us/color/color-family/green-paint-colors/SW6213-halcyon-green,
SW Colormix 2026,Coral Island,SW 6332,36,206,147,130,Orange color family,A richly welcoming soft orange-red evoking sun-kissed petals.,warm (pink),Earthy coral with pink and orange tones.,,,,,High Reflective White (SW 7757),,Alabaster (SW 7008),Orange,Warm,"orange, pink, red",#CE9382,0.37,,Warm,Fresh,Inviting,Bold,Modern,pink_shift|orange_shift,https://www.sherwin-williams.com/en-us/color/color-family/orange-paint-colors/SW6332-coral-island,
SW Colormix 2026,Sundew,SW 7688,63,227,204,171,Yellow color family,Calm and quiet like the first light of day.,warm (ochre),Muted yellow with earthy ochre undertones.,,,,,High Reflective White (SW 7757),,Alabaster (SW 7008),Yellow,Warm,"yellow, ochre, gold",#E3CCAB,0.25,,Warm,Airy,Soft,Fresh,Inviting,yellow_shift|orange_shift,https://www.sherwin-williams.com/en-us/color/color-family/yellow-paint-colors/SW7688-sundew,
SW Colormix 2026,Henna Shade,SW 6326,20,166,108,94,Red color family,A terracotta-inspired color that warms and livens space.,warm (brown),Earthy red with strong brown/terracotta notes.,,,,,High Reflective White (SW 7757),,Alabaster (SW 7008),Red,Warm,"red, brown, orange",#A66C5E,0.43,,Warm,Earthy,Bold,Inviting,Organic,red_shift|orange_shift|brown_shift,https://www.sherwin-williams.com/en-us/color/color-family/red-paint-colors/SW6326-henna-shade,
SW Colormix 2026,Sable,SW 6083,8,95,75,63,Brown color family,A deep and sturdy brown that feels grounded and reassuring.,warm (red/orange),Dark brown with warm russet undertones.,,,,,High Reflective White (SW 7757),,Alabaster (SW 7008),Brown,Warm,"brown, red, orange",#5F4B3F,0.2,,Moody,Warm,Sophisticated,Classic,Earthy,red_shift|orange_shift,https://www.sherwin-williams.com/en-us/color/color-family/brown-paint-colors/SW6083-sable,
SW Colormix 2026,Rojo Marrón,SW 9182,4,75,48,41,Red color family,A deep and rich Spanish red-brown that creates instant drama.,warm (brown),Deep red with heavy brown/earthy undertones.,,,,,High Reflective White (SW 7757),,Alabaster (SW 7008),Red,Warm,"red, brown, earth",#4B3029,0.29,,Warm,Bold,Dramatic,Sophisticated,Earthy,brown_shift|red_shift,https://www.sherwin-williams.com/en-us/color/color-family/red-paint-colors/SW9182-rojo-marron,
SW Colormix 2026,Roycroft Copper Red,SW 2839,7,123,55,40,Red color family,A historic Arts & Crafts red with a distinct copper flare.,warm (copper),Earthy red with strong copper and orange notes.,,,,,High Reflective White (SW 7757),,Creamy (SW 7012),Red,Warm,"red, orange, copper",#7B3728,0.5,,Warm,Bold,Classic,Sophisticated,Inviting,orange_shift|rust_shift,https://www.sherwin-williams.com/en-us/color/color-family/red-paint-colors/SW2839-roycroft-copper-red,
SW Colormix 2026,Limestone,SW 9599,13,106,101,92,Neutral color family,A deep,https://www.sherwin-williams.com/en-us/color/color-family/neutral-paint-colors/SW9599-limestone,warm (green/gray),,,,- Universal Khaki (SW 6150)\n- White Snow (SW 9541),,,High Reflective White (SW 7757),Alabaster (SW 7008),Neutral,Warm,#6A655C,,,Neutral,Soft,Clean,Classic,Earthy,organic|classic_cozy,warm stone gray that feels organic and solid.,Family: Neutral • Undertone: Warm Olive Gray • Depth: Very Deep (LRV 13) • Watch: Green Shift
SW Colormix 2026,Relic Bronze,SW 6132,17,144,106,58,Yellow color family,An antique bronze gold that feels collected and curated.,warm (brown/gold),Deep gold with heavy brown and green undertones.,,,,,High Reflective White (SW 7757),,Creamy (SW 7012),Yellow,Warm,"gold, brown, green",#906A3A,0.4,,Warm,Earthy,Sophisticated,Classic,Moody,green_shift|brown_shift,https://www.sherwin-williams.com/en-us/color/color-family/yellow-paint-colors/SW6132-relic-bronze,
SW Colormix 2026,Dark Auburn,SW 6034,5,90,53,50,Red color family,A blackened red that sits comfortably between burgundy and brown.,warm (purple/brown),Dark red with purple and brown undertones.,,,,,High Reflective White (SW 7757),,Alabaster (SW 7008),Red,Warm,"red, purple, brown",#5A3532,0.28,,Warm,Moody,Bold,Sophisticated,Earthy,purple_shift|brown_shift,https://www.sherwin-williams.com/en-us/color/color-family/red-paint-colors/SW6034-dark-auburn,
SW Colormix 2026,Garden Gate,SW 6167,10,94,89,73,Green color family,A fresh yet deep botanical green perfect for bringing the outside in.,warm (yellow),Deep olive green with warm yellow undertones.,,,,,High Reflective White (SW 7757),,Alabaster (SW 7008),Green,Warm,"green, yellow, olive",#5E5949,0.12,,Cool,Neutral,Calm,Modern,Sophisticated,yellow_shift|brown_shift,https://www.sherwin-williams.com/en-us/color/color-family/green-paint-colors/SW6167-garden-gate,
SW Colormix 2026,Rock Bottom,SW 7062,7,74,78,75,Green color family,A dark and moody green-black that adds instant mystery.,cool (green/gray),Blackened green with cool gray undertones.,,,,,High Reflective White (SW 7757),,Pure White (SW 7005),Green,Cool,"green, black, gray",#4A4E4B,0.03,,Moody,Cool,Dramatic,Sophisticated,Modern,green_shift|black_shift,https://www.sherwin-williams.com/en-us/color/color-family/green-paint-colors/SW7062-rock-bottom,
SW Colormix 2026,Black Bean,SW 6006,4,64,51,48,Brown color family,A decadent warm black with chocolate notes.,warm (red),Black with deep warm red/brown undertones.,,,,,High Reflective White (SW 7757),,Alabaster (SW 7008),Black,Warm,"black, brown, red",#403330,0.14,,Moody,Dramatic,Sophisticated,Bold,Classic,red_shift|brown_shift,https://www.sherwin-williams.com/en-us/color/color-family/brown-paint-colors/SW6006-black-bean,
SW Colormix 2026,Tarragon,SW 9660,7,66,78,83,Green color family,A deep blue-green that feels oceanic and vast.,cool (blue),Dark teal/green with strong blue undertones.,,,,,High Reflective White (SW 7757),,Pure White (SW 7005),Green,Cool,"green, blue, teal",#424E53,0.11,,Warm,Organic,Earthy,Calm,Inviting,blue_shift|teal_shift,https://www.sherwin-williams.com/en-us/color/color-family/green-paint-colors/SW9660-tarragon,
SW Colormix 2026,Sea Mariner,SW 9640,7,67,74,84,Blue color family,A commanding navy that anchors any room with confidence.,cool (gray),Deep navy with cool gray undertones.,,,,,High Reflective White (SW 7757),,Pure White (SW 7005),Blue,Cool,"blue, navy, gray",#434A54,0.11,,Cool,Fresh,Bold,Clean,Modern,blue_shift|black_shift,https://www.sherwin-williams.com/en-us/color/color-family/blue-paint-colors/SW9640-sea-mariner,
SW Colormix 2026,Plum Brown,SW 6272,6,78,66,71,Purple color family,A dramatic blackened purple that feels regal and rare.,warm (red),Dark brown with distinct purple/red undertones.,,,,,High Reflective White (SW 7757),,Alabaster (SW 7008),Purple,Warm,"purple, brown, red",#4E4247,0.08,,Moody,Warm,Sophisticated,Bold,Dramatic,purple_shift|brown_shift,https://www.sherwin-williams.com/en-us/color/color-family/purple-paint-colors/SW6272-plum-brown,
SW Colormix 2026,White Snow,SW 9541,90,245,244,238,White color family,A pristine and bright white with a very subtle warmth.,warm (yellow),Bright white with faint yellow/creamy undertones.,,,,,High Reflective White (SW 7757),,High Reflective White (SW 7757),White,Warm,"white, yellow",#F5F,,,Airy,Crisp,Clean,Neutral,Modern,,https://www.sherwin-williams.com/en-us/color/color-family/white-paint-colors/SW9541-white-snow,
Collection Source Name,Color,Behr_ID,LRV,R,G,B,One_liner,Short_description,Undertone_raw,Undertone,Coordinated_Palette,,,Coordinated_Palette_URL,Trim_Crisp,,Trim_Warm,Family,Temp,Undertone_notes,Hex,Saturation,Chroma,,,,,,Risk_tags,URL,
Valspar 2026 Color Trends,Warm Eucalyptus,8004-28F,21,124,127,112,Valspar 2026 Color of the Year,A muted cool neutral with a green undertone that feels naturally restorative.,Cool Green (Gray),Green,,,,,High Hide White,,Dove White,Green,Cool,Muted olive-green with gray cast,#7C7F70,0.06,,Warm,Organic,Calm,Sophisticated,Inviting,,https://www.valspar.com/en/colors/color-of-the-year-2026,
Valspar 2026 Color Trends,Degas Blue,8004-35B,56,185,200,201,Coordinating Trend Color,A breezy blue with gray and green undertones that has a soothing lightness.,Cool Teal (Gray),Blue-Green,,,,,Ultra White,,Bistro White,Blue-Green,Cool,Cyan-blue with significant gray,#B9C8C9,0.14,,Cool,Classic,Sophisticated,Calm,Serene,,https://www.valspar.com/en/colors/teal/degas-blue-8004-35b,
Valspar 2026 Color Trends,Groundbreaking,8005-8F,16,120,108,94,Coordinating Trend Color,A medium brown shade with a cool undertone inspired by natural materials.,Cool Brown,Brown,,,,,High Hide White,,Dove White,Brown,Warm,Brown with cool violet/gray undertones,#786C5E,0.12,,Moody,Neutral,Modern,Sophisticated,Dramatic,,https://www.valspar.com/en/colors/brown/groundbreaking-8005-8f,
Glidden 2026 Color Trends,Warm Mahogany,PPG1060-7,7,109,71,65,Glidden 2026 Color of the Year,A rich grounded red that is bold enough to draw attention yet reserved enough to be timeless.,Warm Red (Brown),Red,,,,,Delicate White,,Almond Cream,Red,Warm,Deep red with brown/earth undertones,#6D4741,0.25,,Warm,Earthy,Sophisticated,Bold,Classic,,https://www.glidden.com/2026-color-trends,
Glidden 2026 Color Trends,Toffee Crunch,PPG1207-4,62,239,200,156,Trending Neutral,A midtone bright sun-soaked yellow with a dandelion undertone.,Warm Yellow,Yellow,,,,,Delicate White,,Candlelit Beige,Yellow,Warm,Sunny yellow with dandelion/gold notes,#EFC89C,0.71,,Warm,Cozy,Inviting,Soft,Earthy,,https://www.ppgpaints.com/color/color-families/yellows/toffee-crunch,
Glidden 2026 Color Trends,Sandy Beach,PPG1072-2,72,234,218,208,Trending Neutral,A light shaded taupe orange with a pink undertone.,Warm Taupe (Pink),Orange/Neutral,,,,,Delicate White,,Almond Cream,Orange,Warm,Taupe-orange with pink undertones,#EADAD0,0.33,,Warm,Airy,Soft,Classic,Inviting,,https://www.ppgpaints.com/color/color-families/oranges/sandy-beach,
Glidden 2026 Color Trends,Copper Beech,PPG1067-5,19,172,106,83,Trending Earth Tone,A saturated subdued teddy bear orange with a taupe undertone.,Warm Orange (Taupe),Orange,,,,,Delicate White,,Heavy Cream,Orange,Warm,"""Teddy bear"" orange with taupe/brown",#AC6A53,0.34,,Warm,Earthy,Bold,Sophisticated,Inviting,,https://www.ppgpaints.com/color/color-families/oranges/copper-beech,
Glidden 2026 Color Trends,Smoky Slate,PPG1028-4,34,161,161,143,Trending Neutral,A midtone gray camo yellow with an olive undertone.,Warm Olive (Gray),Green/Neutral,,,,,Delicate White,,Moth Gray,Green-Neutral,Warm,Gray-yellow with distinct olive notes,#A1A18F,0.09,,Cool,Moody,Sophisticated,Modern,Dramatic,,https://www.ppgpaints.com/color/color-families/neutrals/smoky-slate,
Glidden 2026 Color Trends,Oakwood Brown,PPG1054-6,17,138,108,105,Trending Earth Tone,A deep neutral rusty red with a chocolate undertone.,Warm Red (Brown),Red/Brown,,,,,Delicate White,,Winter Wedding,Red-Brown,Warm,Rusty red with strong chocolate base,#8A6C69,0.12,,Warm,Earthy,Classic,Cozy,Sophisticated,,https://www.ppgpaints.com/color/color-families/reds/oakwood-brown,
Glidden 2026 Color Trends,Aqua Smoke,PPG1034-5,33,140,159,160,Trending Cool Tone,A saturated neutral Caribbean aqua with a turquoise undertone.,Cool Aqua,Blue-Green,,,,,Delicate White,,Morning Song,Blue-Green,Cool,Caribbean aqua with gray wash,#8C9FA0,0.1,,Cool,Soft,Serene,Organic,Sophisticated,,https://www.ppgpaints.com/color/color-families/neutrals/aqua-smoke,
Glidden 2026 Color Trends,Momentum,PPG1028-6,16,116,111,92,Trending Earth Tone,A deep gray camo yellow with an olive undertone perfect for statement walls.,Warm Olive,Green/Neutral,,,,,Delicate White,,Black Magic,Green-Neutral,Warm,Deep olive/camo yellow,#746F5C,0.12,,Modern,Bold,Sophisticated,Dramatic,Clean,,https://www.ppgpaints.com/color/color-families/neutrals/momentum,
,,,,,,,,,,,,,,,,,,,,,,,,,,,,,,,
Benjamin Moore 2026,Silhouette,AF-655,8,88,81,77,2026 Color of the Year,A sultry deep charcoal-brown with a hidden layer of purple.,Warm Purple (Brown/Gray),,,,,,Swiss Coffee,,,Brown,Warm,Velvety charcoal with distinct purple undertones,#58514D,0.07,,Moody,Sophisticated,Modern,Dramatic,Neutral,purple_shift|darkens_room,https://www.benjaminmoore.com/en-us/paint-colors/color/af-655/silhouette,
Benjamin Moore 2026,First Crush,CSP-310,72,232,220,206,Trending Neutral,A tender white with a hint of blush that feels like a soft embrace.,Warm Pink (Taupe),,,,,,Swiss Coffee,,,White/Neutral,Warm,Warm white with subtle pink/peach blush,#E8DCCE,0.36,,Warm,Soft,Inviting,Bold,Modern,pink_shift|looks_white,https://www.benjaminmoore.com/en-us/paint-colors/color/csp-310/first-crush,
Benjamin Moore 2026,Raindance,1572,43,169,179,170,Trending Cool Tone,A relaxed hazy blue-green that mimics the color of sea glass.,Cool Gray (Green),,,,,,Swiss Coffee,,,Green,Cool,Muted blue-green with a strong gray cast,#A9B3AA,0.06,,Cool,Calm,Serene,Soft,Fresh,green_shift|gray_shift,https://www.benjaminmoore.com/en-us/paint-colors/color/1572/raindance,
Benjamin Moore 2026,Narragansett Green,HC-157,9,68,82,86,Trending Dark Tone,A historic blackened teal that anchors a room with confidence.,Cool Blue (Black),,,,,,Swiss Coffee,,,Green,Cool,Deep teal blackened by gray/navy notes,#445256,0.12,,Cool,Moody,Sophisticated,Classic,Organic,blue_shift|black_shift,https://www.benjaminmoore.com/en-us/paint-colors/color/hc-157/narragansett-green,
Benjamin Moore 2026,Southwest Pottery,48,17,149,94,87,Trending Earth Tone,A sun-baked terracotta red that captures the warmth of clay.,Warm Red (Brown),,,,,,Swiss Coffee,,,Red,Warm,Earthy red-orange with brown grounding,#955E57,0.26,,Warm,Earthy,Organic,Bold,Inviting,red_shift|orange_shift,https://www.benjaminmoore.com/en-us/paint-colors/color/048/southwest-pottery,
Benjamin Moore 2026,Sherwood Tan,1054,37,185,162,132,Trending Neutral,A classic golden tan infused with earthy brown notes.,Warm Gold (Brown),,,,,,Swiss Coffee,,,Neutral,Warm,Golden beige with strong brown undertones,#B9A284,0.27,,Warm,Earthy,Classic,Cozy,Sophisticated,yellow_shift|brown_shift,https://www.benjaminmoore.com/en-us/paint-colors/color/1054/sherwood-tan,
Benjamin Moore 2026,Batik,AF-610,50,203,184,180,Trending Soft Tone,A dusty violet-rose that feels vintage yet surprisingly modern.,Cool Violet (Dusty),,,,,,Swiss Coffee,,,Purple,Cool,Muted mauve with significant gray wash,#CBB8B4,0.18,,Cool,Bold,Sophisticated,Modern,Dramatic,purple_shift|gray_shift,https://www.benjaminmoore.com/en-us/paint-colors/color/af-610/batik,
Benjamin Moore 2026,Swiss Coffee,OC-45,82,237,234,224,Essential White,The ultimate creamy white that adds instant warmth.,Warm Yellow (Gray/Green),,,,,,Swiss Coffee,,,White,Warm,Creamy off-white with yellow/green undertones,#EDEAE0,0.27,,Warm,Soft,Classic,Inviting,Clean,yellow_shift|creamy,https://www.benjaminmoore.com/en-us/paint-colors/color/oc-45/swiss-coffee,
,,,,,,,,,,,,,,,,,,,,,,,,,,,,,,,
HGTV Home by SW 2026,Universal Khaki,HGSW6150,46,194,179,155,HGTV 2026 Color of the Year,A modern sturdy khaki that balances warm and cool notes for total versatility.,Warm Yellow (Green/Gray),Creamy; Griffin; Cordovan,,,,,Neutral,,,Warm yellow-beige with subtle green/gray grounding,,,#C2B39B,0.24,,Warm,Earthy,Neutral,Classic,Cozy,muddy_shift,https://www.hgtvhomebysherwinwilliams.com/en/colors/2026-color-collection-of-the-year,
HGTV Home by SW 2026,Creamy,HGSW7012,81,244,236,210,Essential White,A bright off-white that adds instant warmth and softness to any room.,Warm Yellow,Universal Khaki; Lemon Chiffon,,,,,White,,,Bright white with soft yellow undertones,,,#F4ECD2,0.53,,Warm,Soft,Inviting,Classic,Clean,looks_yellow,https://www.hgtvhomebysherwinwilliams.com/en/colors/2026-color-collection-of-the-year,
HGTV Home by SW 2026,Lemon Chiffon,HGSW6686,79,246,231,186,Trending Bright,A cheerful sun-washed yellow that feels nostalgic and uplifting.,Warm Yellow (Green),Universal Khaki; Creamy,,,,,Yellow,,,Sunny yellow with a hint of green/citrus,,,#F6E7BA,0.81,,Warm,Airy,Fresh,Soft,Inviting,school_bus_yellow,https://www.hgtvhomebysherwinwilliams.com/en/colors/2026-color-collection-of-the-year,
HGTV Home by SW 2026,Neutral Ground,HGSW7568,70,224,215,198,Trending Neutral,A soft canvas tan that bridges the gap between beige and gray.,Warm Beige (Gray),Secret Garden; Griffin,,,,,Neutral,,,Soft tan with balanced gray (greige),,,#E0D7C6,0.28,,Neutral,Warm,Soft,Classic,Sophisticated,gray_shift,https://www.hgtvhomebysherwinwilliams.com/en/colors/2026-color-collection-of-the-year,
HGTV Home by SW 2026,Griffin,HGSW7026,26,134,126,115,Trending Dark Neutral,A deep chocolatey taupe that adds drama without feeling too heavy.,Warm Taupe (Gray),Universal Khaki; Neutral Ground,,,,,Neutral,,,Dark taupe with warm brown and gray notes,,,#867E73,0.09,,Moody,Neutral,Sophisticated,Modern,Dramatic,purple_shift,https://www.hgtvhomebysherwinwilliams.com/en/colors/2026-color-collection-of-the-year,
HGTV Home by SW 2026,Cordovan,HGSW6027,12,114,74,71,Trending Red,A sophisticated burgundy red with earthy grounded undertones.,Warm Red (Brown),Universal Khaki; Reddened Earth,,,,,Red,,,Deep wine red with brown/earthy base,,,#724A47,0.23,,Moody,Warm,Sophisticated,Classic,Dramatic,brown_shift,https://www.hgtvhomebysherwinwilliams.com/en/colors/2026-color-collection-of-the-year,
HGTV Home by SW 2026,Reddened Earth,HGSW6053,20,163,119,104,Trending Earth Tone,A warm clay-like terracotta that feels sun-baked and natural.,Warm Orange (Brown),Cordovan; Still Water,,,,,Orange,,,Earthy terracotta with strong brown/red notes,,,#A37768,0.28,,Warm,Earthy,Bold,Organic,Inviting,rust_shift,https://www.hgtvhomebysherwinwilliams.com/en/colors/2026-color-collection-of-the-year,
HGTV Home by SW 2026,Still Water,HGSW6223,20,83,111,114,Trending Cool Tone,A deep calming blue-green that brings the tranquility of water indoors.,Cool Teal (Gray),Creamy; Reddened Earth,,,,,Blue-Green,,,Deep teal with significant gray muting,,,#536F72,0.16,,Cool,Moody,Serene,Sophisticated,Dramatic,blue_shift,https://www.hgtvhomebysherwinwilliams.com/en/colors/2026-color-collection-of-the-year,
HGTV Home by SW 2026,Hazel,HGSW6471,48,157,192,193,Trending Cool Tone,A breezy restorative blue-green that feels fresh and airy.,Cool Blue (Green),Cordovan; Universal Khaki,,,,,Blue-Green,,,Bright aqua/teal with a slight gray cast,,,#9DC0C1,0.23,,Warm,Organic,Earthy,Calm,Sophisticated,baby_blue_risk,https://www.hgtvhomebysherwinwilliams.com/en/colors/2026-color-collection-of-the-year,
HGTV Home by SW 2026,Secret Garden,HGSW6181,16,98,100,83,Trending Green,A lush botanical green that acts as a deep neutral in any space.,Warm Olive (Gray),Neutral Ground; Universal Khaki,,,,,Green,,,Deep olive with gray/brown undertones,,,#626453,0.09,,Earthy,Organic,Moody,Sophisticated,Calm,yellow_shift,https://www.hgtvhomebysherwinwilliams.com/en/colors/2026-color-collection-of-the-year,
,,,,,,,,,,,,,,,,,,,,,,,,,,,,,,,
Dunn-Edwards 2026,Midnight Garden,DE5657,14,99,112,87,2026 Dunn Edwards Color of the Year,A deep muted green with earthy undertones that captures the quiet elegance of nature.,Cool Green (Black),Swiss Coffee; Gypsum Rose,,,,,Green,,,Blackened green with mossy/lichen notes,,,#637057,0.13,,Moody,Cool,Dramatic,Sophisticated,Bold,darkens_room,https://www.dunnedwards.com/colors/color-of-the-year/midnight-garden-2026-color-of-the-year/,
Dunn-Edwards 2026,Viridian Odyssey,DE1925,9,39,71,85,Trending Color,A deep mysterious blue-green with a calming sophisticated presence.,Cool Teal (Blue),Antique Coin; Eagle's View,,,,,Blue-Green,,,Deep teal with significant blue bias,,,#274755,0.37,,Cool,Bold,Sophisticated,Modern,Organic,black_shift,https://www.dunnedwards.com/colors/color-trends/color-trends-2026/,
Dunn-Edwards 2026,Gothic Revival Green,DET507,26,134,136,83,Trending Color,A rich citron green with a touch of yellow that adds a botanical feel.,Warm Green (Yellow),Midnight Garden; Swiss Coffee,,,,,Green,,,"Yellow-based ""chartreuse"" green",,,#868853,0.24,,Moody,Organic,Sophisticated,Classic,Dramatic,muddy_shift,https://www.dunnedwards.com/colors/color-trends/color-trends-2026/,
Dunn-Edwards 2026,Eagle's View,DE6394,48,187,192,197,Trending Color,A soft blend of mauve and gray with a slightly cool undertone.,Cool Gray (Purple),Viridian Odyssey; Country Air,,,,,Purple,,,Gray with distinct lavender/mauve notes,,,#BBC0C5,0.06,,Cool,Neutral,Calm,Modern,Sophisticated,gray_shift,https://www.dunnedwards.com/colors/color-trends/color-trends-2026/,
Dunn-Edwards 2026,Country Air,DET581,66,197,215,229,Trending Color,A traditional blue with a whisper of periwinkle like a clear endless sky.,Cool Blue (Purple),Eagle's View; Gypsum Rose,,,,,Blue,,,Sky blue with slight purple (periwinkle) tint,,,#C5D7E5,0.31,,Airy,Fresh,Cool,Clean,Serene,baby_blue_risk,https://www.dunnedwards.com/colors/color-trends/color-trends-2026/,
Dunn-Edwards 2026,Gypsum Rose,DET452,65,229,207,193,Trending Color,A soft blush beige with peach undertones offering a warm understated look.,Warm Pink (Peach),Country Air; Midnight Garden,,,,,Pink,,,Earthy peach-pink (plaster color),,,#E5,,,Warm,Soft,Serene,Sophisticated,Inviting,,https://www.dunnedwards.com/colors/color-trends/color-trends-2026/,
Collection Source Name,Color,Brand_ID,LRV,R,G,B,One_liner,Short_description,Undertone,Coordinated_Palette,,,,,Family,,,Undertone_notes,,,Hex,Saturation,,,,,,,,URL,
Farrow & Ball 2026,Scallop,No. 2013,68,235,205,195,Trending Soft Tone,A soft dusty pink inspired by the natural color of seashells.,Warm Pink (Peach),Broccoli Brown; Hay,,,,,Pink,,,Dusty peach-pink with gray muting,,,#EBCDC3,0.48,,Warm,Soft,Neutral,Classic,Sophisticated,looks_fleshy,https://www.farrow-ball.com,
Farrow & Ball 2026,Broccoli Brown,No. 198,15,108,96,86,Trending Earth Tone,A quiet dark stone color that sits effortlessly between brown and green.,Warm Brown (Green),Scallop; Hay,,,,,Brown,,,Dark brown with significant green undertone,,,#6C6056,0.11,,Warm,Earthy,Organic,Moody,Sophisticated,green_shift,https://www.farrow-ball.com,
Farrow & Ball 2026,Hay,No. 37,65,226,203,144,Trending Neutral,A muted dusty yellow that feels like a warm hug from the sun.,Warm Yellow (Ochre),Scallop; Broccoli Brown,,,,,Yellow,,,Muted ochre/mustard yellow,,,#E2CB90,0.6,,Warm,Airy,Soft,Earthy,Inviting,mustard_risk,https://www.farrow-ball.com,